REFERENCE CODE,FI_NAME_THAI,FI_NAME_ENGLISH,OPEN_DATE,
001,ธนาคารแห่งประเทศไทย,BANK OF THAILAND,24851210,
002,ธนาคารกรุงเทพ จำกัด (มหาชน),BANGKOK BANK PUBLIC COMPANY LTD.,24871201,
004,ธนาคารกสิกรไทย จำกัด (มหาชน),KASIKORNBANK PUBLIC COMPANY LIMITED,24880608,
006,ธนาคารกรุงไทย จำกัด (มหาชน),KRUNG THAI BANK PUBLIC COMPANY LTD.,25090314,
008,ธนาคารเจพีมอร์แกน เชส,"JPMORGAN CHASE BANK, NATIONAL ASSOCIATION",24920805,
009,ธนาคารโอเวอร์ซี-ไชนีส แบงกิ้ง คอร์ปอเรชั่น จำกัด,OVER SEA-CHINESE BANKING CORPORATION LIMITED,24520702,
011,ธนาคารทหารไทยธนชาต จำกัด (มหาชน),TMBTHANACHART BANK PUBLIC COMPANY LIMITED,25001108,
014,ธนาคารไทยพาณิชย์ จำกัด (มหาชน),SIAM COMMERCIAL BANK PUBLIC COMPANY LTD.,24490401,
017,ธนาคารซิตี้แบงก์ เอ็น.เอ.,"CITIBANK, N.A.",24660101,
018,ธนาคารซูมิโตโม มิตซุย แบงกิ้ง คอร์ปอเรชั่น,SUMITOMO MITSUI BANKING CORPORATION,24951122,
020,ธนาคารสแตนดาร์ดชาร์เตอร์ด (ไทย) จำกัด (มหาชน),STANDARD CHARTERED BANK (THAI) PUBLIC COMPANY LIMITED,24761011,
022,ธนาคารซีไอเอ็มบี ไทย จำกัด (มหาชน),CIMB THAI BANK PUBLIC COMPANY LIMITED,24920311,
023,ธนาคารอาร์ เอช บี จำกัด,RHB BANK BERHAD,25070228,
024,ธนาคารยูโอบี จำกัด (มหาชน),UNITED OVERSEAS BANK (THAI) PUBLIC COMPANY LIMITED,24821002,
025,ธนาคารกรุงศรีอยุธยา จำกัด (มหาชน),BANK OF AYUDHYA PUBLIC COMPANY LTD.,24880402,
026,ธนาคารเมกะ สากลพาณิชย์ จำกัด (มหาชน),MEGA  INTERNATIONAL COMMERCIAL BANK PUBLIC COMPANY LIMITED,24901010,
027,ธนาคารแห่งอเมริกา เนชั่นแนล แอสโซซิเอชั่น,"BANK OF AMERICA, NATIONAL ASSOCIATION",24921201,
029,ธนาคารอินเดียน โอเวอร์ซีส์,INDIAN OVERSEA BANK,24901223,
030,ธนาคารออมสิน,GOVERNMENT SAVINGS BANK,24560401,
031,ธนาคารฮ่องกงและเซี่ยงไฮ้แบงกิ้งคอร์ปอเรชั่น จำกัด,THE HONGKONG AND SHANGHAI BANKING CORPORATION LTD.,24311202,
032,ธนาคารดอยซ์แบงก์ เอจี สาขากรุงเทพฯ,DEUTSCHE BANK AG. BANGKOK BRANCH,25210703,
033,ธนาคารอาคารสงเคราะห์,THE GOVERNMENT HOUSING BANK,24960924,
034,ธนาคารเพื่อการเกษตรและสหกรณ์การเกษตร,BANK FOR AGRICULTURE AND AGRICULTURAL COOPERATIVES,25091101,
035,ธนาคารเพื่อการส่งออกและนำเข้าแห่งประเทศไทย,EXPORT-IMPORT BANK OF THAILAND,25370217,
039,ธนาคารมิซูโฮ จำกัด สาขากรุงเทพฯ,"MIZUHO BANK, LTD. BANGKOK BRANCH",25450401,
045,ธนาคารบีเอ็นพี พารีบาส์,BNP PARIBAS,25361109,
052,ธนาคารแห่งประเทศจีน (ไทย) จำกัด (มหาชน),BANK OF CHINA (THAI) PUBLIC COMPANY LIMITED,25370221,
066,ธนาคารอิสลามแห่งประเทศไทย,ISLAMIC BANK OF THAILAND,25460612,
067,ธนาคารทิสโก้ จำกัด (มหาชน),TISCO BANK PUBLIC COMPANY LIMITED,25480701,
069,ธนาคารเกียรตินาคินภัทร จำกัด (มหาชน),KIATNAKIN PHATRA BANK PUBLIC COMPANY LIMITED,25481003,
070,ธนาคารไอซีบีซี (ไทย) จำกัด (มหาชน),INDUSTRIAL AND COMMERCIAL BANK OF CHINA (THAI) PUBLIC COMPANY LIMITED,25481223,
071,ธนาคารไทยเครดิต จำกัด (มหาชน),THE THAI CREDIT BANK PUBLIC COMPANY LIMITED,25500118,
073,ธนาคารแลนด์ แอนด์ เฮ้าส์ จำกัด (มหาชน),LAND AND HOUSES BANK PUBLIC COMPANY LIMITED,25481219,
080,ธนาคารซูมิโตโม มิตซุย ทรัสต์ (ไทย) จำกัด (มหาชน),SUMITOMO MITSUI TRUST BANK (THAI) PUBLIC COMPANY LIMITED,25581028,
093,บรรษัทประกันสินเชื่ออุตสาหกรรมขนาดย่อม,THAI CREDIT GUARANTEE CORPORATION,25350221,
098,ธนาคารพัฒนาวิสาหกิจขนาดกลางและขนาดย่อมแห่งประเทศไทย,SMALL AND MEDIUM ENTERPRISE DEVELOPMENT BANK OF THAILAND,25350501,
301,บริษัท ไดนามิค เปย์เม้นท์ จำกัด,"DYNAMIC PAYMENT CO., LTD.",25570921,
302,บริษัท ห้างเซ็นทรัล ดีพาทเมนท์สโตร์ จำกัด,HARNG CENTRAL DEPARTMENT STORE LTD.,25570918,
303,บริษัท ช้อปปี้เพย์ (ประเทศไทย) จำกัด,"SHOPEEPAY (THAILAND) CO., LTD.",25571114,
304,บริษัท พระอินทร์ ฟินเทค จำกัด,"PRAIN FINTECH CO., LTD.",25580420,
305,บริษัท เซ็นทรัล เพย์เม้นท์ จำกัด,CENTRAL PAYMENT LIMITED,25611106,
306,บริษัท ฟอร์ท สมาร์ท เซอร์วิส จำกัด (มหาชน),FORTH SMART SERVICE PUBLIC COMPANY LIMITED,25580715,
307,บริษัท แมคคาเล กรุ๊พ จำกัด (มหาชน),MACKALE GROUP PUBLIC COMPANY LIMITED,25580923,
308,บริษัท สหไพบูลย์ (2558) จำกัด,"SAHAPAIBOON (2558) CO., LTD.",25580720,
309,บริษัท ไอร่า แอนด์ ไอฟุล จำกัด (มหาชน),AIRA & AIFUL PUBLIC COMPANY LIMITED,25580819,
310,บริษัท ดิจิตอล เจน จำกัด,"DIGITAL GEN CO., LTD.",25590421,
311,บริษัท โรบินสัน จำกัด (มหาชน),"ROBINSON PUBLIC CO., LTD.",25580617,
312,บริษัท ไมด้า ลิสซิ่ง จำกัด (มหาชน),MIDA LEASING PUBLIC COMPANY LIMITED,25590208,
313,บริษัท โดเมสติค แคปปิตอล 2015 จำกัด,"DOMESTIC CAPITAL 2015 CO., LTD.",25590104,
314,บริษัท ไอทีทีพี จำกัด,"ITTP CO.,LTD.",25590104,
315,บริษัท ทีเค เงินทันใจ จำกัด,"TK NGERN TAN JAI CO., LTD.",25590128,
316,บริษัท เคบี เจ แคปปิตอล จำกัด,KB J CAPITAL COMPANY LIMITED,25580815,
317,บริษัท บี-52 แคปปิตอล จำกัด (มหาชน),"B-52 CAPITAL PUBLIC CO., LTD.",25581223,
318,บริษัท โอมิเซะ จำกัด,"OMISE CO., LTD.",25580915,
320,บริษัท เซ็นดิท เทค จำกัด,XENDIT TECH COMPANY LIMITED,25600122,
321,บริษัท เอเชียเจมส์ฟอร์ยู จำกัด,"ASIA GEMS FOR YOU CO., LTD.",25590609,
322,บริษัท จี แคปปิตอล จำกัด (มหาชน),G CAPITAL PUBLIC COMPANY LIMITED,25581201,
323,บริษัท เฮลโลเพย์ จำกัด,"HELLOPAY CO., LTD.",25590425,
324,บริษัท ธนทัต โซลูชั่น จำกัด,"TANATAT SOLUTION CO., LTD.",25590930,
325,บริษัท เงินต่อยอด จำกัด,"NGOENTORYOD CO.,LTD.",25590920,
326,บริษัท ปิยะระยองกรุ๊ป จำกัด,"PIYARAYONGGROUP CO.,LTD.",25590301,
327,บริษัท พีทีที ดิจิตอล โซลูชั่น จำกัด,"PTT DIGITAL SOLUTIONS CO., LTD.",25581116,
328,บริษัท พสิษฐ์ภาคิณ จำกัด,"PHASITPAKIN CO.,LTD.",25590401,
329,บริษัท เอ.ที.ลีซซิ่ง จำกัด,"A.T. LEASING CO., LTD.",25591223,
330,บริษัท เงินแสนสบาย จำกัด,NGERNSAENSABAI COMPANY LIMITED,25590519,
331,บริษัท วีซ่า อินเตอร์เนชั่นแนล (ประเทศไทย) จำกัด,VISA INTERNATIONAL (THAILAND) LTD.,25610615,
333,บริษัท ไทย เพย์เมนต์ เน็ตเวิร์ก จำกัด,"THAI PAYMENT NETWORK CO., LTD.",25590406,
334,บริษัท จีพีซีเอ็ม กรุ๊ป จำกัด,"GPCM GROUP CO., LTD.",25590413,
335,บริษัท แอสเซนด์ นาโน จำกัด,"ASCEND NANO CO., LTD.",25610725,
336,บริษัท ซีมันนี่ (แคปปิตอล) จำกัด,"SEAMONEY (CAPITAL) CO., LTD.",25590601,
337,บริษัท พระยาเปย์ จำกัด,"PRAYAPAY CO., LTD.",25590901,
338,บริษัท สบาย เทคโนโลยี จำกัด (มหาชน),"SABUY TECHNOLOGY PUBLIC CO., LTD.",25600424,
339,บริษัท เอ็มโอแอล เพย์เมนท์ จำกัด,"MOL PAYMENT CO., LTD.",25591001,
340,บริษัท ไอเพย์88 (ประเทศไทย) จำกัด,"IPAY88(THAILAND) CO., LTD.",25590629,
341,บริษัท นครหลวง แคปปิตอล จำกัด (มหาชน),NAKHONLUANG CAPITAL PUBLIC COMPANY LIMITED,25610315,
342,บริษัท เอเอเอ็ม แคปปิตอล เซอร์วิส จำกัด,"AAM CAPITAL SERVICE CO., LTD.",25600201,
343,บริษัท ทางด่วนและรถไฟฟ้ากรุงเทพ จำกัด (มหาชน),"BANGKOK EXPRESSWAY AND METRO PUBLIC CO., LTD.",25590806,
344,บริษัท ทูซีทูพี พลัส (ประเทศไทย) จำกัด,"2C2P PLUS (THAILAND) CO., LTD.",25591201,
345,บริษัท พีซีโฮม (ประเทศไทย) จำกัด,"PCHOME (THAILAND) CO., LTD.",25600803,
346,บริษัท ทรี เพย์ (ประเทศไทย) จำกัด,"TREE PAY (THAILAND) CO., LTD.",25600128,
347,บริษัท เธียรสุรัตน์ ลีสซิ่ง จำกัด,"THIENSURAT LEASING CO., LTD.",25601102,
348,บริษัท สวัสดีช้อป จำกัด,"SAWASDEESHOP CO., LTD.",25601115,
349,บริษัท บลูเพย์ จำกัด,"BLUEPAY CO., LTD.",25600404,
350,บริษัท เอเชีย เวลธ์ พลัส แมเนจเม้นท์ จำกัด,"ASIA WEALTH PLUS MANAGEMENT CO., LTD.",25600613,
352,บริษัท วีซี เวลท์ จำกัด,VC WEALTH COMPANY LIMITED,25610601,
353,บริษัท มันนี่ สเปซ จำกัด,"MONEY SPACE CO., LTD.",25610529,
354,บริษัท โซ สมาร์ท เทค จำกัด,"SO SMART TECH CO.,LTD.",25601010,
355,บริษัท เอ็ม แคปปิตอล คอร์ปอเรชั่น จำกัด,"M CAPITAL CORPORATION CO., LTD.",25610301,
356,บริษัท เงินเทอร์โบ จำกัด (มหาชน),NGERNTURBO PUBLIC COMPANY LIMITED,25620201,
357,บริษัท ควิก ลิสซิ่ง จำกัด,"QUICK LEASING CO., LTD.",25610815,
358,บริษัท เอนี่เพย์ จำกัด,"ANYPAY CO., LTD.",25610731,
359,การทางพิเศษแห่งประเทศไทย,THE EXPRESSWAY AUTHORITY OF THAILAND,25610921,
360,บริษัท เคเชอร์ เพย์เมนท์ จำกัด,"KSHER PAYMENT CO., LTD.",25611106,
362,บริษัท เอส อาร์ ที ฟอเร๊กซ์ จำกัด,SRT FOREX COMPANY LIMITED,25641031,
363,บริษัท เจซีบี อินเตอร์เนชั่นแนล จำกัด,"JCB INTERNATIONAL CO., LTD.",25611009,
364,บริษัท มาสเตอร์การ์ด เอเชีย/แปซิฟิค พีทีอี ลิมิเต็ด,MASTERCARD ASIA/PACIFIC PTE. LTD.,25611009,
365,บริษัท ยูเนี่ยนเพย์ อินเตอร์เนชั่นแนล คอมพานี ลิมิเต็ด,"UNIONPAY INTERNATIONAL CO., LTD.",25611009,
367,บริษัท อ๊อกเพย์ (ไทยแลนด์) จำกัด,"OXPAY (THAILAND) CO., LTD",25620103,
368,บริษัท ออโรร่า ฟิน ซินเนอร์ยี่ จำกัด,,25630701,
369,บริษัท จีเอชแอล (ประเทศไทย) จำกัด,"GHL (THAILAND) CO., LTD.",25621016,
370,บริษัท ชโย แคปปิตอล จำกัด (มหาชน),CHAYO CAPITAL PUBLIC COMPANY LIMITED,25620401,
371,บริษัท ศรีสวัสดิ์ พาวเวอร์ 2014 จำกัด,"SRISAWAD POWER 2014 CO., LTD.",25630219,
372,บริษัท เพย์พาล (ประเทศไทย) จำกัด,PAYPAL (THAILAND) LIMITED,25640307,
373,บริษัท เฮงลิสซิ่ง แอนด์ แคปปิตอล จำกัด (มหาชน),HENG LEASING AND CAPITAL,25620715,
374,บริษัท เซ็นทรัล เจดี มันนี่ จำกัด,"CENTRAL JD MONEY CO., LTD.",25620617,
375,บริษัท จีฟิน เซอร์วิสเซส (ที) จำกัด,"GFIN SERVICES (T) CO., LTD.",25621001,
376,บริษัท ฟิน โกล จำกัด,"FIN GOAL CO.,LTD.",25630401,
377,บริษัท กสิกร ไลน์ จำกัด,KASIKORN LINE COMPANY LIMITED,25630923,
378,บริษัท ลิ้ม สุขใจ จำกัด,"LIM SUKJAI CO., LTD.",25630113,
379,บริษัท เหรียญทองธุรกิจ จำกัด,"RHIANTHONG BUSINESS CO., LTD",25620724,
380,บริษัท เหรียญทองสินทรัพย์ จำกัด,"RHIANTHONG ASSET CO.,LTD",25620724,
381,บริษัท นาโน โอเค ร้อยเอ็ด จำกัด,"NANO OK ROI-ET CO., LTD.",25620910,
382,บริษัท นิ่มลีสซิ่ง จำกัด,NIM LEASING CO.LTD,25620613,
383,บริษัท อัมพวาธุรกิจ จำกัด,"AMPHAWABUSINESS CO.,LTD.",25621001,
384,บริษัท วัน มันนี่ จำกัด,,25620902,
385,บริษัท ไอลิส อินโนเวชั่น จำกัด,"ILEASE INNOVATION CO., LTD.",25630501,
386,บริษัท อบาคัส ดิจิทัล จำกัด,"ABACUS DIGITAL CO., LTD.",25621101,
387,บริษัท พรประเสริฐโมโตลิส จำกัด,"PORNPRASERT MOTOLEASE CO., LTD.",25620802,
452,บริษัทเงินทุน แอ็ดวานซ์ จำกัด (มหาชน),ADVANCE FINANCE PUBLIC COMPANY LIMITED,25170912,
608,บริษัทเครดิตฟองซิเอร์ เอสเบ จำกัด,SBEY CREDIT FONCIER COMPANY LIMITED,25210824,
610,บริษัทเครดิตฟองซิเอร์ เวิลด์ จำกัด,"WORLD CREDIT FONCIER CO., LTD.",25160921,
613,บริษัทเครดิตฟองซิเอร์ แคปปิตอล ลิ้งค์ จำกัด,CAPITAL LINK CREDIT FONCIER LIMITED,25160711,
635,เดอะ ชิกะ แบ๊งค์ ลิมิเต็ด,THE SHIGA BANK LIMITED,25550209,
636,เดอะ โฮคุริคุ แบ๊งค์ ลิมิเต็ด,THE HOKURIKU BANK LIMITED,25550320,
637,เดอะ แบ๊งค์ ออฟ ฟุกุโอกะ ลิมิเต็ด,"THE BANK OF FUKUOKA, LTD.",25550327,
638,เดอะ แบ๊งค์ ออฟ โยโกฮามา ลิมิเต็ด,"THE BANK OF YOKOHAMA, LIMITED",25550424,
639,JAPAN BANK FOR INTERNATIONAL COOPERATION,JAPAN BANK FOR INTERNATIONAL COOPERATION,25550401,
640,เดอะ โชโค ชูคิน แบ๊งค์ ลิมิเต็ด,THE SHOKO SHUKIN BANK LIMITED,25550913,
641,"เดอะ เซี่ยงไฮ้ คอมเมอร์เชียล แอนด์ เซฟวิ่ง แบงค์, แอลทีดี.","THE SHANGHAI COMMERCIAL & SAVINGS BANK, LIMITED",25550928,
642,ชินกิน เซ็นทรัล แบ๊งค์,SHINKIN CENTRAL BANK,25551001,
643,เดอะ ฮยาคุโกะ แบ๊งค์ ลิมิเต็ด,"THE HYAKUGO BANK, LTD",25551119,
645,เดอะ แบ๊งค์ ออฟ เกียวโต ลิมิเต็ด,"THE BANK OF KYOTO, LTD.",25560924,
646,ดิ โอคาซากิ ชินกิน แบ๊งค์,THE OKAZAKI SHINKIN BANK,25561001,
647,เดอะ ซัน - อินโกโด แบ๊ง ลิมิเต็ด,"THE SAN-IN GODO BANK, LIMITED",25561010,
648,นอร์ธ แปซิฟิค แบ๊งค์ ลิมิเต็ด,"NORTH PACIFIC BANK, LTD.",25570109,
649,เดอะ ฮามามัตสึ ชินกิน แบ๊งค์,THE HAMAMATSU SHINKIN BANK,25570121,
650,โคเรีย ดีเวลลอปเมนท์ แบงก์,KOREA DEVELOPMENT BANK,25570515,
651,สเตท สตรีท แบงก์ แอนด์ ทรัสต์ คัมปะนี,STATE STREET BANK AND TRUST COMPANY,25570602,
652,เดอะ เฮคิไค ชินกิน แบ๊งค์,THE HEKIKAISHINKIN BANK,25570702,
653,"เดอะ โฮคุโตะ แบ๊งค์, ลิมิเต็ด","THE HOKUTO BANK, LTD.",25570731,
654,"เดอะ ชิบะ แบ๊งค์, ลิมิเต็ด","THE CHIBA BANK, LIMITED",25570909,
655,"เดอะ ฟุคุอิ แบ๊งค์, ลิมิเต็ด","THE FUKUI BANK, LTD.",25571125,
656,"เดอะ จูโรกุ แบ๊งค์, ลิมิเต็ด","THE JUROKU BANK, LIMITED",25580320,
657,"เดอะชูโกคุ แบ๊งค์, ลิมิเต็ด",THE CHUGOKU BANK LIMITED,25580609,
658,เดอะ กิฟุ ชินกิน แบ๊งค์,THE GIFU SHINKIN BANK,25581211,
659,ดิ เอ็กซ์พอร์ท-อิมพอร์ท แบงค์ ออฟ เดอะ รีพับบลิค ออฟ ไชน่า,THE EXPORT-IMPORT BANK OF THE REPUBLIC OF CHINA,25581221,
660,เดอะ กุนมะ แบงค์ ลิมิเต็ด,"THE GUNMA BANK, LTD.",25590805,
662,ธนาคารร่วมพัฒนา จำกัด,JOINT DEVELOPMENT BANK LIMITED,25600503,
663,เดอะ ชิมิซุ แบ๊งค์ ลิมิเต็ด,"THE SHIMIZU BANK, LTD.",25600703,
664,แบงค์ ออฟ ไต้หวัน,BANK OF TAIWAN,25610111,
665,ดิ อาชิคากะ แบ๊งค์ ลิมิเต็ด,"THE ASHIKAGA BANK, LTD.",25601220,
667,หัวหนาน คอมเมอร์เชียล แบงค์ แอลทีดี,HUA NAN COMMERCIAL BANK LTD.,25640311,
668,ซีเอ็มบี เหว่ง หลง แบงค์ ลิมิเต็ด,CMB WING LUNG BANK LIMITED,25640414,
669,ไท่ชิน อินเตอร์เนชั่นแนล แบงค์ คอมพานี ลิมิเต็ด,"TAISHIN INTERNATIONAL BANK CO.,LTD",25640628,
670,"อี.ซัน คอมเมอร์เชียล แบงค์, แอลทีดี",E.SUN COMMERCIAL BANK,25650705,
671,ออสเตรเลีย แอนด์ นิวซีแลนด์ แบงกิ้ง กรุ๊ป ลิมิเต็ด,AUSTRALIA AND NEW ZEALAND BANKING GROUP LIMITED,25660116,
672,คิราโบชิ แบงก์ ลิมิเต็ด,"KIRABOSHI BANK, LTD.",25660712,
701,บริษัทบริหารสินทรัพย์ กรุงเทพพาณิชย์ จำกัด (มหาชน),BANGKOK COMMERCIAL ASSET MANAGEMENT PUBLIC COMPANY LIMITED,25450201,
703,บริษัทบริหารสินทรัพย์ เพทาย จำกัด,"PHETHAI ASSET MANAGEMENT CO.,LTD",25421013,
705,บริษัทบริหารสินทรัพย์ ทวี จำกัด,"SINNSUPTAWEE ASSET MANAGEMENT CO.,LTD",25421230,
706,บริษัทบริหารสินทรัพย์ เอ็น เอฟ เอส จำกัด,"N F S ASSET MANAGEMENT CO.,LTD.",25430322,
708,บริษัทบริหารสินทรัพย์ สุขุมวิท จำกัด,"SUKHUMVIT ASSET MANAGEMENT CO.,LTD.",25430531,
710,บริษัทบริหารสินทรัพย์ แม๊กซ์ จำกัด,"MAX ASSET MANAGEMENT CO.,LTD.",25430825,
714,บริษัทบริหารสินทรัพย์ กรุงศรีอยุธยา จำกัด,"AYUDHYA ASSET MANAGEMENT CO.,LTD",25431109,
717,บริษัทบริหารสินทรัพย์ สาทร จำกัด,"SATHORN ASSET MANAGEMENT CO., LTD.",25480901,
718,บริษัทบริหารสินทรัพย์ โกลบอลวัน จำกัด,"GLOBALONE ASSET MANAGEMENT CO.,LTD.",25490712,
721,บริษัทบริหารสินทรัพย์ แคปปิตอล เอเชีย จำกัด,"CAPITAL ASIA CO., LTD.",25630101,
722,บริษัทบริหารสินทรัพย์ มหานคร จำกัด,MAHANAKORN ASSET MANAGEMENT COMPANY LIMITED,25510328,
723,บริษัทบริหารสินทรัพย์ อัลฟาแคปปิตอล จำกัด,"ALPHA CAPITAL ASSET MANAGEMENT CO.,LTD.",25510320,
724,บริษัทบริหารสินทรัพย์ อินเตอร์ แคปปิตอล อลิอันซ์ จำกัด,"INTER CAPITAL ALLIANCE ASSET MANAGEMENT CO.,LTD.",25510215,
725,บริษัทบริหารสินทรัพย์ ไทยบังคับและติดตามสินทรัพย์ จำกัด,THAI ASSET ENFORCEMENT AND RECOVERY ASSET MANAGEMENT COMPANY LIMITED,25511101,
727,บริษัทบริหารสินทรัพย์ รัชโยธิน จำกัด,"RUTCHAYOTHIN ASSETS MANAGEMENT CO., LTD",25511001,
728,บริษัทบริหารสินทรัพย์ รีจินอล จำกัด,REGIONAL ASSET MANAGEMENT LIMITED,25590201,
729,บริษัทบริหารสินทรัพย์ ลินน์ ฟิลลิปส์ จำกัด,"LYNN PHILLIPS ASSET MANAGEMENT CO., LTD.",25530928,
731,บริษัทบริหารสินทรัพย์ ที เอส จำกัด,TS ASSET MANAGEMENT COMPANY LIMITED,25540518,
732,บริษัทบริหารสินทรัพย์ ไอคอน แคปปิตอล (ประเทศไทย) จำกัด,"AIQON CAPITAL ASSET MANAGEMENT (THAILAND) CO., LTD.",25540901,
734,บริษัทบริหารสินทรัพย์ ซีเอฟ เอเชีย จำกัด,"CF ASIA ASSET MANAGEMENT CO., LTD.",25560409,
735,บริษัทบริหารสินทรัพย์ ธนภัทร จำกัด,"THANAPATS ASSET MANAGEMENT CO., LTD.",25570401,
736,บริษัทบริหารสินทรัพย์ รักษณาสยาม จำกัด,RAKSANA SIAM ASSET MANAGEMENT LTD.,25560522,
738,บริษัทบริหารสินทรัพย์ เจ จำกัด,"J ASSET MANAGEMENT CO., LTD.",25560618,
739,บริษัทบริหารสินทรัพย์ เอเซีย จำกัด,"ASIA ASSET MANAGEMENT CO., LTD.",25560809,
740,บริษัทบริหารสินทรัพย์ บี.เอ.765 จำกัด,"B.A. 765 ASSET MANAGEMENT CO., LTD.",25561022,
741,บริษัทบริหารสินทรัพย์ ไนท คลับ แคปปิตอล จำกัด (มหาชน),KNIGHT CLUB CAPITAL ASSET MANAGEMENT PUBLIC COMPANY LIMITED,25561126,
742,บริษัทบริหารสินทรัพย์ ไทย (เอ) จำกัด,"THAI (A) ASSET MANAGEMENT CO., LTD.",25561001,
743,บริษัทบริหารสินทรัพย์ เอกธัญกิจ จำกัด,"EKTHUNYAKIT ASSET MANAGEMENT CO., LTD.",25561114,
744,บริษัทบริหารสินทรัพย์ ชโย จำกัด,"CHAYO ASSET MANAGEMENT CO., LTD.",25570321,
745,บริษัทบริหารสินทรัพย์ เอส ดับบลิว พี จำกัด,"S W P ASSET MANAGEMENT CO., LTD.",25570901,
747,บริษัทบริหารสินทรัพย์ พัฒนานคร จำกัด,"PHATTANANAKHORN ASSET MANAGEMENT CO., LTD.",25570919,
748,บริษัทบริหารสินทรัพย์ วิภาวดี จำกัด,VIBHAVADI  ASSET  MANAGEMENT  COMPANY,25570926,
749,บริษัทบริหารสินทรัพย์ เออีซี จำกัด,"AEC ASSET MANAGEMENT CO.,LTD.",25571218,
750,บริษัท บริหารสินทรัพย์ บียอนด์ แคปปิตอล จำกัด,"BEYOND CAPITAL ASSET MANAGEMENT CO.,LTD.",25580302,
751,บริษัทบริหารสินทรัพย์อาร์โก (ประเทศไทย) จำกัด,"ARGO ASSET MANAGEMENT (THAILAND) CO., LTD.",25580224,
752,บริษัทบริหารสินทรัพย์ ไทคูณ,"TYCOON ASSET MANAGEMENT CO., LTD.",25580525,
754,บริษัทบริหารสินทรัพย์ เอ็มเพอเรอร์ จัสติซ จำกัด,"EMPEROR JUSTICE ASSET MANAGEMENT CO., LTD.",25600403,
755,บริษัทบริหารสินทรัพย์ ไมด้า จำกัด,"MIDA  ASSET MANAGEMENT CO., LTD.",25581214,
756,บริษัทบริหารสินทรัพย์ ไทยสมบูรณ์ จำกัด,"THAISOMBOON ASSET MANAGEMENT CO., LTD.",25590401,
757,บริษัทบริหารสินทรัพย์ กรุงเทพจรัญ จำกัด,"BANGKOK CHARAN ASSET MANAGEMENT CO., LTD.",25591010,
758,บริษัท บริหารสินทรัพย์ เอ็กซ์สปริง เอ เอ็ม ซี จำกัด,XSPRING AMC ASSET MANAGEMENT COMPANY LIMITED,25590422,
759,บริษัทบริหารสินทรัพย์ ฮาร์โมนิช จำกัด,"HARMONISCH ASSET MANAGEMENT CO.,LTD.",25590523,
760,บริษัทบริหารสินทรัพย์ คอลเลคเชียส จำกัด,"COLLECTIUS ASSET MANAGEMENT CO., LTD.",25600524,
761,บริษัทบริหารสินทรัพย์ ธนทวี จำกัด,THANATAWEE ASSET MANAGEMENT COMPANY,25591025,
762,บริษัทบริหารสินทรัพย์ ทีซีซี จำกัด,TCC ASSET MANAGEMENT COMPANY LIMITED,25600725,
763,บริษัทบริหารสินทรัพย์ ธนาคารอิสลามแห่งประเทศไทย จำกัด,ISLAMIC BANK ASSET MANAGEMENT COMPANY LIMITED,25600629,
764,บริษัทบริหารสินทรัพย์ ไวร์เลส จำกัด,WIRELESS ASSET MANAGEMENT COMPANY LIMITED,25600905,
765,บริษัทบริหารสินทรัพย์ ทวีทรัพย์ จำกัด,TAWEESUP ASSET MANAGEMENT COMPANY LIMITED,25601115,
766,บริษัทบริหารสินทรัพย์ เอ็กซ์คลูซีฟ,"EXCLUSIVE ASSET MANAGEMENT CO,LTD.",25610502,
767,บริษัทบริหารสินทรัพย์ ไนน์พลัส จำกัด,"NINE PLUS ASSET MANAGEMENT CO.,LTD.",25610123,
768,บริษัทบริหารสินทรัพย์ เจ.อี.ดี.ไอ (กรุงเทพ) จำกัด,"J.E.D.I. (BANGKOK) CO.,LTD.",25610221,
770,บริษัทบริหารสินทรัพย์ ที.ที. จำกัด,MANAGEMENT ASSET T.T. COMPANY LIMITED,25610615,
771,บริษัทบริหารสินทรัพย์ ไพร์มโซน จำกัด,"PRIME ZONE ASSET MANAGEMENT CO.,LTD",25610724,
772,บริษัทบริหารสินทรัพย์ ไมคอร์เกน จำกัด,"MYCOREGAIN ASSET MANAGEMENT CO.,LTD.",25611115,
773,บริษัทบริหารสินทรัพย์ รัชคาร จำกัด,RACHAKARN ASSET MANAGEMENT COMPANY,25611214,
774,บริษัทบริหารสินทรัพย์ พหลโยธิน,PHAHONYOTHIN ASSET MANAGEMENT COMPANY LIMITED,25611226,
775,บริษัทบริหารสินทรัพย์ ซีซีพีเอ็น พร็อพเพอร์ตี้ จำกัด,"CCPN PROPERTY ASSET MANAGEMENT CO.,LTD",25620301,
777,บริษัทบริหารสินทรัพย์ เพิร์ล จำกัด,"PEARL ASSET MANAGEMENT CO., LTD.",25620305,
778,บริษัทบริหารสินทรัพย์ สุวรรณภูมิ จำกัด,SUVARNAPHUMI ASSET MANAGEMENT COMPANY LIMITED,25620329,
779,บริษัท บริหารสินทรัพย์ พี.บี. จำกัด,P.B. ASSET MANAGEMENT,25630212,
780,บริษัท บริหารสินทรัพย์ ออกซิเจน จำกัด,"OXYGEN ASSET MANAGEMENT CO.,LTD.",25630617,
781,บริษัทบริหารสินทรัพย์ ไทยแคปิตอลริช จำกัด,"THAI CAPITAL RICH ASSET MANAGEMENT CO.,LTD.",25630617,
783,บริษัท บริหารสินทรัพย์ ชโย เจวี จำกัด,"CHAYO JV ASSET MANAGEMENT CO., LTD",25640409,
784,บริษัท บริหารสินทรัพย์ โฟร์ ซีส์ จำกัด,FOUR SEAS ASSET MANAGEMENT COMPANY LIMITED,25640409,
785,บริษัทบริหารสินทรัพย์ ปทุมธานี จำกัด,PATHUMTHANI ASSET MANAGEMENT COMPANY,25640824,
786,บริษัทบริหารสินทรัพย์ แคปปิตอลชัวร์ จำกัด,CAPITALSURE ASSET MANAGEMENT,25641014,
787,บริษัทบริหารสินทรัพย์ สยามวรินทร์,SIAMVARIN ASSET MANAGEMENT,25641201,
788,บริษัท บริหารสินทรัพย์สยามวรรณ จำกัด,"SIAMONE ASSET MANAGEMENT CO.,LTD.",25650202,
789,บริษัท บริหารสินทรัพย์ ตงฮั้ว จำกัด,"TONG HUA ASSET MANAGEMENT CO.,LTD.",25650211,
790,บริษัท บริหารสินทรัพย์ ไซมิส แอนด์ เวลธ์ จำกัด,"SIAMESE AND WEALTH ASSET MANAGEMENT CO., LTD.",25650616,
791,บริษัท บริหารสินทรัพย์ เจเค จำกัด,JK ASSET MANAGEMENT COMPANY LIMITED,25650617,
792,บริษัท บริหารสินทรัพย์สุรินทร์ จำกัด,"SURIN ASSET MANAGEMENT CO.,LTD.",25650708,
793,บริษัท บริหารสินทรัพย์พาวเวอร์ จำกัด,"POWER ASSET MANAGEMENT CO., LTD.",25650805,
794,บริษัท บริหารสินทรัพย์ คาร์ด เอกซ์ จำกัด,CARD X ASSET MANAGEMENT COMPANY LIMITED,25650815,
795,บริษัท บริหารสินทรัพย์ แคปปิตอล สาทร จำกัด,"CAPITAL SATHORN ASSET MANAGEMENT CO.,LTD",25650907,
796,บริษัท บริหารสินทรัพย์ยูโอบี เซอร์วิสเซส จำกัด,UOB SERVICES ASSET MANAGEMENT COMPANY LIMITED,25651028,
797,บริษัท บริหารสินทรัพย์ ไอคอน จำกัด,ICON ASSET MANAGEMENT LIMITED,25651125,
798,บริษัท บริหารสินทรัพย์ คอลเลคเชียส 2 จำกัด,"COLLECTIUS ASSET MANAGEMENT 2 CO., LTD.",25651223,
799,บริษัท บริหารสินทรัพย์ รอแยลเฮ้าส์ จำกัด,"ROYALHOUSE ASSET MANAGEMENT CO., LTD.",25651223,
829,"RESONA BANK, LIMITED","RESONA BANK, LIMITED",25301125,
838,คอมเมิร์ชแบงค์ อาคเทียนเกอเซลชาฟท์,COMMERZBANK AKTIENGESELLSCHAFT,25330201,
857,ดีบีเอส แบงค์ ลิมิเต็ด,DBS BANK LTD.,25431231,
865,ซีทีบีซี แบงค์ คอมปานี ลิมิเต็ด,"CTBC BANK CO., LTD.",25370913,
870,เครดิต อินดัสเทรียล เอ คอมเมอร์เชียล (ซี ไอ ซี),CREDIT INDUSTRIEL ET COMMERCIAL (CIC),25380403,
873,เฟิซท คอมเมอร์เชียล แบงค์ คัมปะนี ลิมิเต็ด,FIRST COMMERCIAL BANK,25380626,
882,NATIXIS,NATIXIS,25440523,
883,คาเธ่ย์ ยูไนเต็ด แบงก์,CATHAY UNITED BANK,25410504,
885,THE BANK OF NEW YORK MELLON,THE BANK OF NEW YORK MELLON,25470730,
886,ดีอีจี-ด้อยท์เช่ อินเวสติซิโอนส์-อุนด์ เอ็นวิกคลุงส์เกเซลชัฟท์ เอ็มบีเอช,DEG - DEUTSCHE INVESTITIONS - UND ENTWICKLUNGSGESELLSCHAFT MBH,25471001,
893,เดอะ ฮาชิจูนิ แบ๊งค์ ลิมิเต็ด จำกัด,"THE HACHIJUNI BANK, LTD.",25501001,
896,เจแปน ไฟแนนซ์ คอร์ปอเรชั่น,JAPAN FINANCE CORPORATION,25511001,
897,เดอะ ฮิโรชิม่า แบ๊งค์ ลิมิเต็ด,THE HIROSHIMA BANK LIMITED,25520424,
901,บริษัท บัตรกรุงไทย จำกัด (มหาชน),KRUNGTHAI CARD PUBLIC COMPANY LIMITED,25460317,
905,บริษัท อเมริกัน เอ็กซ์เพรส (ไทย) จำกัด,AMERICAN EXPRESS (THAI) COMPANY LIMITED,25460317,
906,บริษัท บัตรกรุงศรีอยุธยา จำกัด,"KRUNG SRIAYUDHYA CARD CO., LTD.",25460317,
907,บริษัท อิออน ธนสินทรัพย์ (ไทยแลนด์) จำกัด (มหาชน),AEON THANA SINSAP (THAILAND) PUBLIC COMPANY LIMITED,25460317,
908,บริษัท เจเนอรัล คาร์ด เซอร์วิสเซส จำกัด,GENERAL CARD SERVICES LIMITED,25460317,
909,บริษัท โลตัสส์ มันนี่ เซอร์วิสเซส จำกัด,LOTUS’S MONEY SERVICES LIMITED,25460317,
910,บริษัท อยุธยา แคปปิตอล เซอร์วิสเซส จำกัด,AYUDHYA CAPITAL SERVICES COMPANY LIMITED,25371109,
911,บริษัท อีซี่ บาย จำกัด (มหาชน),EASY BUY PUBLIC COMPANY LIMITED,25440629,
912,บริษัท แคปปิตอล โอเค จำกัด,CAPITAL OK COMPANY LIMITED,25470702,
913,บริษัท ไทยสมาร์ทคาร์ด จำกัด,"THAI SMARTCARD CO., LTD.",25481208,
914,บริษัท เวีย การ์ด (ประเทศไทย) จำกัด,"VIA CARD (THAILAND) CO., LTD.",25480901,
915,บริษัท แอดวานซ์ เอ็มเปย์ จำกัด,"ADVANCED MPAY CO., LTD.",25480801,
917,บริษัท แอดวานซ์ เมจิค การ์ด จำกัด,"ADVANCED MAGIC CARD CO.,LTD.",25480823,
918,บริษัท เพย์สบาย จำกัด,"PAYSBUY CO., LTD.",25480720,
919,บริษัท ทรู มันนี่ จำกัด,"TRUE MONEY CO.,LTD.",25480909,
920,บริษัท พรอมิส (ประเทศไทย) จำกัด,PROMISE (THAILAND) COMPANY LIMITED,25480926,
922,บริษัท ยูโอบี แคปปิตอล เซอร์วิสเซส จำกัด,UOB CAPITAL SERVICES COMPANY LIMITED,25480916,
923,บริษัท เอสจีเอฟ แคปปิตอล จำกัด (มหาชน),SGF CAPITAL PUBLIC COMPANY LIMITED,25481021,
925,บริษัท วี แคช เอ็นเตอร์ไพรส์ จำกัด,"V CASH ENTERPRISE CO.,LTD.",25481021,
926,บริษัท เอเซียเสริมกิจลีสซิ่ง จำกัด (มหาชน),ASIA SERMKIJ LEASING PUBLIC COMPANY LIMITED,25481021,
930,บริษัท เครดีโว่ (ไทยแลนด์) จำกัด,KREDIVO (THAILAND) COMPANY LIMITED,25481021,
931,บริษัท อยุธยา แคปปิตอล ออโต้ ลีส จำกัด (มหาชน),AYUDHYA CAPITAL AUTO LIASE PUBLIC COMPANY LIMITED,25481021,
932,บริษัท ศักดิ์สยามลิสซิ่ง จำกัด (มหาชน),SAKSIAM LEASING PUBLIC COMPANY LIMITED,25481021,
935,บริษัท สินมิตร จำกัด,"CINMIT CO., LTD.",25481021,
942,บริษัท เมืองไทย แคปปิตอล จำกัด (มหาชน),MUANGTHAI CAPITAL PUBLIC COMPANY LIMITED,25491101,
944,บริษัท กรุงไทยธุรกิจลีสซิ่ง จำกัด,KTB LEASING COMPANY LIMITED,25500214,
945,บริษัท เงินติดล้อ จำกัด (มหาชน),NGERN TID LOR PUBLIC COMPANY LIMITED,25541001,
946,บริษัท สามารถ ไอ-โมบาย จำกัด (มหาชน),"SAMART I-MOBILE PUBLIC CO., LTD.",25540515,
947,บริษัท เซ็นทรัลแฟมิลี่มาร์ท จำกัด,"CENTRAL FAMILYMART CO., LTD.",25541213,
948,บริษัท คาร์ด อัลไลแอนซ์ (ประเทศไทย) จำกัด,"CARD ALLIANCE (THAILAND) CO., LTD.",25540520,
949,บริษัท บางกอก สมาร์ทการ์ด ซิสเทม จำกัด,"BANGKOK SMARTCARD SYSTEM CO., LTD.",25520205,
950,บริษัท ไอพี เพย์เมนท์ โซลูชั่น จำกัด,"IP PAYMENTSOLUTION CO., LTD.",25551218,
951,บริษัท ทูซีทูพี (ประเทศไทย) จำกัด,"2C2P (THAILAND) CO., LTD.",25540815,
952,บริษัท เงินสดทันใจ จำกัด,FAST MONEY COMPANY LIMITED,25541104,
953,บริษัท เจ เอ็ม ที เน็ทเวอร์ค เซอร์วิสเซ็ส จำกัด (มหาชน),JMT NETWORK SERVICES PUBLIC COMPANY LIMITED,25570204,
955,บริษัท ทีทูพี จำกัด,"T2P CO., LTD.",25540628,
956,บริษัท เทเลอินโฟ มีเดีย จำกัด (มหาชน),"TELEINFO MEDIA PUBLIC CO., LTD.",25480830,
957,บริษัท เพย์เพด จำกัด,"PAYPAID CO., LTD.",25560410,
958,บริษัท บิ๊กซี ซูเปอร์เซ็นเตอร์ จำกัด (มหาชน),"BIG C SUPERCENTER PUBLIC CO., LTD.",25560328,
959,บริษัท รีโซลูชั่น เวย์ จำกัด,"RESOLUTION WAY CO.,LTD.",25560214,
960,บริษัท ไลน์ เพย์ (ประเทศไทย) จำกัด,LINE PAY (THAILAND) COMPANY LIMITED,25551226,
961,บริษัท สมาร์ทโมชั่น (ไทยแลนด์) จำกัด,"SMART MOTION (THAILAND) CO., LTD.",25560505,
962,บริษัท 123 เซอร์วิส จำกัด,"123 SERVICE CO., LTD.",25560218,
963,บริษัท แอลเอ็นดับเบิ้ลยู จำกัด,"LNW CO., LTD.",25560321,
964,บริษัท ไทยแวน เซอร์วิส จำกัด,THAIVAN SERVICE COMPANY LIMITED,25560527,
965,บริษัท อินเทอร์เน็ตประเทศไทย จำกัด (มหาชน),"INTERNET THAILAND PUBLIC CO., LTD.",25520513,
966,บริษัท โอเรียลทัล ซิตี้ กรุ๊ป (ประเทศไทย) จำกัด,"ORIENTAL CITY GROUP (THAILAND) CO., LTD.",25520513,
967,บริษัท ไปรษณีย์ไทย จำกัด,"THAILAND POST CO., LTD.",25520513,
968,บริษัท สรรพสินค้าเซ็นทรัล จำกัด,"CENTRAL DEPARTMENT STORE CO.,LTD.",25520513,
969,บริษัท เนชั่นแนล ไอทีเอ็มเอ๊กซ์ จำกัด,"NATIONAL ITMX CO., LTD.",25520513,
970,บริษัท เคาน์เตอร์เซอร์วิส จำกัด,"COUNTERSERVICE CO., LTD.",25520513,
971,บริษัท เจ มาร์ท จำกัด (มหาชน),"JAY MART PUBLIC CO., LTD.",25520513,
972,บริษัท เชฟรอน (ไทย) จำกัด,CHEVRON (THAILAND) LIMITED,25520513,
973,บริษัท ไชโย โฮสติ้ง จำกัด,"CHAIYO HOSTING CO., LTD.",25520513,
974,บริษัท ตลาด ดอท คอม จำกัด,"TARAD DOT COM CO., LTD.",25520513,
975,บริษัท ทีโอที จำกัด (มหาชน),"TOT PUBLIC CO., LTD.",25520513,
976,บริษัท เน็กซ์โพสท์ จำกัด,"NEXTPOST CO., LTD.",25520513,
977,บริษัท เน็ตเบย์ จำกัด (มหาชน),NETBAY PUBLIC COMPANY LIMITED,25520513,
978,บริษัท โพลาร์ เว็บแอปพลิเคชั่น จำกัด,"PORAR WEB APPLICATION CO., LTD.",25520513,
979,บริษัท เมเจอร์ ซีนีเพล็กซ์ กรุ้ป จำกัด (มหาชน),"MAJOR CINEPLEX GROUP PUBLIC CO., LTD.",25520513,
980,บริษัท ศูนย์ประมวลผล จำกัด,"PROCESSING CENTER CO., LTD.",25520513,
981,บริษัท อินเตอร์เนชั่นแนล คอมเมอร์เชียล โคออร์ดิเนชั่น จำกัด,"INTERNATIONAL COMMERCIAL COORDINATION CO.,LTD.",25310829,
982,บริษัท เอก-ชัย ดีสทริบิวชั่น ซิสเทม จำกัด,"EK-CHAI DISTRIBUTION SYSTEMS CO., LTD.",25520513,
983,บริษัท เอเชีย เพย์ (ประเทศไทย) จำกัด,ASIA PAY (THAILAND) LIMITED,25520513,
984,บริษัท ระบบขนส่งมวลชนกรุงเทพ จำกัด (มหาชน),"BANGKOK MASS TRANSIT SYSTEM PUBLIC CO., LTD.",25520818,
985,บริษัท สำนักหักบัญชี (ประเทศไทย) จำกัด,"THAILAND CLEARING HOUSE CO., LTD.",25530205,
986,บริษัท โกลบอล เซอร์วิส เซ็นเตอร์ จำกัด,GLOBAL SERVICE CENTER,25530305,
987,บริษัท กสท โทรคมนาคม จำกัด (มหาชน),CAT TELECOM PUBLIC COMPANY LIMITED,25530205,
988,บริษัท สหพัฒนพิบูล จำกัด (มหาชน),SAHA PATHANAPIBUL PLC.,25530618,
989,บริษัท ดีเอฟ มาร์เก็ตเพลส จำกัด,DF MARKETPLACE LIMIED,25531015,
990,บริษัท ไทยเอซ แคปปิตอล จำกัด,"THAIACE CAPITAL CO., LTD.",25570203,
991,บริษัท แอตเซลเล้นซ์ (ประเทศไทย) จำกัด,ACCELLENCE (THAILAND) LIMITED,25571118,
992,บริษัท จีเอชแอล อีเปย์เม้นส์ จำกัด,"GHL EPAYMENT CO., LTD.",25590114,
993,บริษัท เพย์ โซลูชั่น จำกัด,"PAY SOLUTION CO.,LTD.",25580101,
994,บริษัท ไฮเวย์ จำกัด,"HI-WAY CO., LTD.",25580506,
996,บริษัท อี-โพส เซอร์วิส จำกัด,"E-POS SERVICE CO.,LTD.",25571112,
998,บริษัท ซัมมิท แคปปิตอล ลีสซิ่ง จำกัด,"SUMMIT CAPITAL LEASING CO., LTD.",25590516,
0105526053562,บริษัท มี แคปปิตอล จำกัด,"MEE CAPITAL CO., LTD.",25630825,
0105528009471,บริษัท ตรีเพชรอีซูซุลิสซิ่ง จำกัด,"TRI PETCH IZUZU LEASING CO., LTD.",25660401,
0105530038998,บริษัท ไทย วี.พี.คอร์ปอเรชั่น จำกัด,"THAI VP CORPORATION CO.,LTD.",25650701,
0105536113061,บริษัท ที ลีสซิ่ง จำกัด,T LEASING COMPANY LIMITED,25620829,
0105536113550,บริษัท โตโยต้า ลีสซิ่ง (ประเทศไทย) จำกัด,"TOYOTA LEASING (THAILAND) CO., LTD.",25481021,
0105537066342,บริษัท เวิลด์ลีส จำกัด,"WORLDLEASE CO., LTD",25640519,
0105545068651,บริษัท มาสเตอร์ คาร์เร้นเทิล จำกัด,"MASTER CAR RENTAL CO., LTD",25641018,
0105545086250,บริษัท ทิพพรัฐ บิสสิเนส กรุ๊ป จำกัด,THIPPARATH BUSINESS GROUP COMPANY LIMITED,25660801,
0105547166951,บริษัท ลีสซิ่งกสิกรไทย จำกัด,,25620830,
0105549046929,บริษัท โพลี่คิวบ์ จำกัด,POLYCUBE COMPANY LIMITED,25650915,
0105556158354,บริษัท ทเวลฟ์ วิคทอรี่ จำกัด,"TWELVE VICTORY CO,.LTD.",25640519,
0105557065155,บริษัท เจริญสิน แคปปิตอล จำกัด,"CHAROENSIN CAPITAL CO., LTD.",25650601,
0105557172202,บริษัท ซุปเปอร์ริช เคอเรนซี่ เอ็กซ์เชนจ์ (1965) จำกัด,SUPERRICH CURRENCY EXCHANGE (1965) COMPANY LIMITED,25660130,
0105558017189,บริษัท คาเธ่ย์ อินเตอร์เนชั่นแนล ช๊อปปิ้ง เซ็นเตอร์ จำกัด,"CATHAY INTERNATIONAL SHOPPING CENTER CO., LTD.",25640816,
0105558020821,บริษัท ลัคกี้ ลีสซิ่ง จำกัด,"LUCKY LEASING CO., LTD",25631101,
0105558082100,บริษัท แท็กซี่ โอเค จำกัด,,25630817,
0105558136684,บริษัท เร็ด ดอท (ประเทศไทย) จำกัด,RED DOT (THAILAND) LIMITED,25630316,
0105559144371,บริษัท ฟอร์ท สมาร์ท แคปปิตอล จำกัด,"FORTH SMART CAPITAL CO., LTD.",25621201,
0105559165599,บริษัท ชัวร์เทเบิล จำกัด,"SURETABLE CO.,LTD.",25640610,
0105560027749,บริษัท ไวเพย์ จำกัด,"WIPAY CO.,LTD.",25640816,
0105560060533,บริษัท สบาย มันนี่ จำกัด,"SABUY MONEY CO.,LTD.",25631201,
0105560068267,บริษัท โนมู เพย์ (ประเทศไทย) จำกัด,"NOMU PAY (THAILAND) CO., LTD.",25650101,
0105560089621,บริษัท เหลียนเหลียน เพย์ อิเล็คทรอนิค เพย์เม้นท์ (ประเทศไทย) จำกัด,LIANLIAN PAY ELECTRONIC PAYMENT (THAILAND)LTD,25620815,
0105560141177,บริษัท อินเซปชั่น เทคโนโลยี จำกัด,"INCEPTION TECHNOLOGY CO., LTD.",25650601,
0105560142564,บริษัท ฟินเน็ต อินโนเวชั่น เน็ตเวิร์ค จำกัด,FINNET INNOVATION NETWORK COMPANY LIMITED,25621111,
0105560186715,บริษัท เรนนี่ คอปเปอเรชั่น จำกัด,RENNY CORPORATION COMPANY LIMITED,25640408,
0105561010041,บริษัท จีเพย์ เน็ตเวิร์ค (ที) จำกัด,GPAY NETWORK (T) LIMITED,25640824,
0105561020934,บริษัท เนสท์ติฟลาย จำกัด,"NESTIFLY CO., LTD.",25650518,
0105561052224,บริษัท เอเลเม้นท์ เพย์เม้นท์ โซลูชั่นส์ (ประเทศไทย) จำกัด,"ELEMENT PAYMENT SOLUTIONS (THAILAND) CO., LTD.",25640806,
0105561062076,บริษัท ไทยไมโคร ดิจิทัล โซลูชั่นส์ จำกัด,THAI MICRO DIGITAL SOLUTIONS COMPANY LIMITED,25620820,
0105561066616,บริษัท เวล็อคซ์ ฟินเทค จำกัด,"VELOX FINTECH CO., LTD.",25630508,
0105561094504,บริษัท ซุปเปอร์ริช ดิจิทัล จำกัด,SUPERRICH DIGITAL COMPANY LIMITED,94560101,
0105561126546,แทร็กซ์ (ไทยแลนด์) จำกัด,TRAX (THAILAND) COMPANY LIMITED,25641101,
0105561185364,บริษัท แวลลู พลัส แอสเสท จำกัด,"VALUE PLUS ASSET CO., LTD.",25650914,
0105561194495,บริษัท แฟลช มันนี่ จำกัด,FLASH MONEY,25640531,
0105561194509,บริษัท แฟลช เพย์ จำกัด,"FLASH PAY CO., LTD.",25640507,
0105562000228,บริษัท กสิกร โกลบอล เพย์เมนต์ จำกัด,"KASIKORN GLOBAL PAYMENT CO., LTD.",25620802,
0105562000341,บริษัท บิ๊ก เพย์ (ประเทศไทย) จำกัด,BIG PAY (THAILAND) LIMITED,25670304,
0105562005459,บริษัท แอพเพิล แคช จำกัด,"APPLE CASH CO., LTD",25630901,
0105562014199,บริษัท เอพีเอ็ม แมเนจเม้นท์ จำกัด,"APM MANAGEMENT CO., LTD.",25660621,
0105562025743,บริษัท สบายใจมันนี่ จำกัด,"SABAIJAI MONEY CO., LTD.",25630625,
0105562074027,บริษัท สไตรพ์ เพย์เม้นส์ (ประเทศไทย) จำกัด,STRIPE PAYMENTS (THAILAND) LTD.,25650101,
0105562092165,บริษัท เคทีซี นาโน จำกัด,"KTC NANO CO., LTD",25621125,
0105562104309,บริษัท ซี เพย์เมนท์ โซลูชั่น จำกัด,"C PAYMENT SOLUTION CO., LTD.",25650811,
0105562124041,บริษัท ดีเทอร์มิน่า จำกัด,"DETERMINA CO., LTD.",25650210,
0105562125993,บริษัท จีนี่ ฟินเทค จำกัด,"GENIE FINTECH CO., LTD",25640614,
0105562147865,บริษัท แรพพิด แคปปิตอล จำกัด,"RAPID CAPITAL CO.,LTD",25630413,
0105562151293,บริษัท สยาม ดิจิทัล เลนดิ้ง จำกัด,"SIAM DIGITAL LENDING CO., LTD.",25660112,
0105562166215,บริษัท ดิจิเพย์ จำกัด,"DIGIPAY CO., LTD.",25640320,
0105562168757,บริษัท ไซล็อต ดิจิทัล จำกัด,SILOT DIGITAL COMPANY LIMITED,25650125,
0105562181354,บริษัท บีม เดต้า จำกัด,BEAM DATA COMPANY LIMITED,25660227,
0105563003603,บริษัท มันนิกซ์ จำกัด,,25630511,
0105563005096,บริษัท ดาโอ เลนด์ (ประเทศไทย) จํากัด,DAOL LEND (THAILAND) COMPANY LIMITED,25650601,
0105563037494,บริษัท ฮิคดันสแควร์ จำกัด,"HIDDENSQUARE CO., LTD.",25650524,
0105563041882,บริษัท อาคเนย์ มันนี่ รีเทล จำกัด,SOUTHEAST MONEY RETAIL COMPANY LIMITED,25650505,
0105563067245,บริษัท ออล ฟินเทค จำกัด,ALL FINTECH COMPANY LIMITED,25640114,
0105563078921,บริษัท จียูเพย์ จำกัด,GUPAY COMPANY LIMITED,25650801,
0105563101346,บริษัท เซ็นดิท วอลเล็ท จำกัด,XENDIT WALLET COMPANY LIMITED,25641104,
0105563101761,บริษัท เพอร์เพิล เวนเจอร์ส จำกัด,PURPLE VENTURES COMPANY LIMITED,25660807,
0105563138266,บริษัท มันนี่ ฮับ เซอร์วิส จำกัด,"MONEY HUB SERVICES CO., LTD",25641104,
0105563150452,บริษัท ศรีสวัสดิ์ พาวเวอร์ 2022 จำกัด,"SRISAWAD POWER 2022 CO., LTD.",25650701,
0105563159743,บริษัท เคทีซี พรีเพด จำกัด,"KTC PREPAID CO., LTD.",25650317,
0105563162337,บริษัท แมกซ์ การ์ด จำกัด,"MAX CARD CO., LTD.",25650627,
0105564011375,บริษัท อีซี่ เลนดิ้ง จำกัด,EASY LENDING LIMITED,25641004,
0105564038591,บริษัท 33 รีมิตแตนซ์ จำกัด,33 REMITTANCE COMPANY LIMITED,25650816,
0105564044711,บริษัท ออล มันนี่ จำกัด,"ALL MONEY CO., LTD.",25660301,
0105564055135,บริษัท กัปตัน แคช แคปปิตอล จำกัด,"CAPTAIN CASH CAPITAL CO., LTD.",25641122,
0105564058894,บริษัท แรบบิท แคช จำกัด,RABBIT CASH COMPANY LIMITED,25650512,
0105564081900,บริษัท โนว่า แคปปิตอล จำกัด,"NOVA CAPITAL CO., LTD.",25670401,
0105564111426,บริษัทบริหารสินทรัพย์ แคปปิตอล กรุ๊ป จำกัด,"CAPITAL GROUP ASSET MANAGEMENT CO., LTD.",25660315,
0105564116878,บริษัท เป็นต่อ แคปปิตอล จำกัด,"PENTOR CAPITAL CO,LTD",25651010,
0105564127136,บริษัท เน็คซ์ มันนี่ จำกัด,NEXT MONEY COMPANY LIMITED,25660401,
0105564131664,บริษัท อินเตอร์เซนด์ มันนี่ จำกัด,INTERSEND MONEY COMPANY LIMITED,25650429,
0105564140132,บริษัท อาร์เจนโต้ เทค จำกัด,"ARGENTO TECH CO., LTD.",25670715,
0105564143051,บริษัท เงินสดใจดี จำกัด,"NGERN SOD JAIDEE CO., LTD.",25660908,
0105564147897,บริษัท เงินเฮง จำกัด,"NGERNHENG CO., LTD.",25660202,
0105564154826,บริษัท เมืองไทย เพย์ เลเทอร์ จำกัด,MUANGTHAI PAY LATER LIMITED,25650316,
0105564161580,บริษัท คาร์ด เอกซ์ จำกัด,CARD X COMPANY LIMITED,25650901,
0105564161598,บริษัท ออโต้ เอกซ์ จำกัด,AUTO X COMPANY LIMITED,25650621,
0105565063841,บริษัท บิ๊ก มันนี่ พลัส จำกัด,BIG MONEY PLUS COMPANY LIMITED,25660901,
0105565078813,บริษัท เงินเรื่องจิ๊บ จำกัด,"NGERN RUEANG JIB CO., LTD.",25660915,
0105565123843,บริษัท บริหารสินทรัพย์ อิออน (ประเทศไทย) จำกัด,,25670426,
0105565123959,บริษัท บริหารสินทรัพย์ เอซีซี จำกัด,"ACC ASSET MANAGEMENT CO., LTD.",25660616,
0105565143429,บริษัท ฟิน ทันใจ กรุ๊ป จำกัด,"FIN TUNJAI GROUP CO., LTD.",25670405,
0105565188279,บริษัท บริหารสินทรัพย์ โบกาท จำกัด,"BOGAT ASSET MANAGEMENT CO., LTD.",25660914,
0105565190478,บริษัท บริหารสินทรัพย์ แคปปิตอล ลิ้งค์ พลัส จำกัด,CAPITAL LINK PLUS ASSET MANAGEMENT LIMITED,25660616,
0105566004082,บริษัท อาคุละคุ เอกซ์ จำกัด,"AKULAKU X CO., LTD.",25661206,
0105566082563,บริษัท เงินให้ใจ จำกัด,"NGERN HAI JAI CO., LTD.",25670329,
0105566108627,บริษัท เงินดีดี จำกัด,"MONEY DD CO., LTD.",25670704,
0107536000722,บริษัท ศรีสวัสดิ์ แคปปิตอล 1969 จำกัด (มหาชน),SRISAWAD CAPITAL 1969 PUBLIC COMPANY LIMITED,25660201,
0107538000738,บริษัท อะมานะฮ์ ลิสซิ่ง จำกัด (มหาชน),AMANAH LEASING PUBLIC COMPANY LIMITED,25650901,
0107545000209,บริษัท ราชธานีลิสซิ่ง จำกัด (มหาชน),RATCHTHANI LEASING PUBLIC COMPANY LIMITED,25650601,
0107546000288,บริษัท ตะวันออกพาณิชย์ลีสซิ่ง จำกัด (มหาชน),EASTERN COMMERCIAL LEASING PUBLIC COMPANY LIMITED,25650909,
0107550000114,บริษัท ล็อกซเล่ย์ ออบิท จำกัด (มหาชน),"LOXLEY ORBIT PUBLIC CO., LTD.",25620926,
0107553000182,บริษัท สกาย ไอซีที จำกัด (มหาชน),SKY ICT PUBLIC COMPANY LIMITED,25640921,
0107556000353,บริษัท ลีซ อิท จำกัด (มหาชน),,25640601,
0107556000698,บริษัท เอส 11 กรุ๊ป จำกัด (มหาชน),S 11 GROUP PUBLIC COMPANY LIMITED,25660301,
0107558000270,บริษัท เอเอสเอ็น โบรกเกอร์ จำกัด (มหาชน),ASN BROKER PUBLIC COMPANY LIMITED,25630720,
0107564000383,บริษัท เอสจี แคปปิตอล จำกัด (มหาชน),SG CAPITAL PUBLIC COMPANY LIMITED,25621218,
0107565000263,บริษัท สตาร์ มันนี่ จำกัด (มหาชน),STAR MONEY PUBLIC COMPANY LIMITED,25590627,
0115561024484,บริษัท เอ็ม เอส ซี ดับเบิลยู จำกัด,"MSCW CO.,LTD.",25640401,
0115561030204,บริษัท ควอนตัม เวกเตอร์ จำกัด,"QUANTUM VECTOR CO., LTD",25640111,
0115562015543,บริษัท มิตรสิบ เสกเงิน จำกัด,"MITSIB SEKNGOEN CO.,LTD",25621113,
0125560000379,บริษัท บิ๊กบอท เอไอ จำกัด,"BIGBOT AI CO., LTD.",25600109,
0165529000052,บริษัท ศรีสมบูรณ์ธุรกิจเซ็นเตอร์ จำกัด,,25670201,
0175564000420,บริษัท เงินพร้อมใช้ จำกัด,"NGERNPROMCHAI CO.,LTD.",25650222,
0215562005041,บริษัท มั่งมี เอพลัส จำกัด,MUNG MEE A PLUS COMPANY LIMITED,25660105,
0305547000814,บริษัท สินธร แคปปิตอล จำกัด,"SINTORN CAPITAL CO., LTD.",25630430,
0325564000380,บริษัท 7วัน เงินทันใจ จำกัด,,25641201,
0335554000093,บริษัท ฉัตรชัย ลีสซิ่ง จำกัด,,25651001,
0405561000051,บริษัท สหะพืชผล แคปปิตอล จำกัด,"SAHAPHUECHPHOL CAPITAL CO., LTD",25621218,
0405562001205,บริษัท ทุนแหลมทอง จำกัด,LAEMTHONG CAPITAL COMPANY LIMITED,25650502,
0405562002163,บริษัท บ้านไผ่ลิสซิ่ง จำกัด,,25630309,
0415562001051,บริษัท อุ่นใจ ออโต้ ลิสซิ่ง จำกัด,"AUNJAI AUTO LEASING CO., LTD",25640830,
0505545000998,บริษัท มิตรสินด่วน จำกัด,"MITR SIN DUAN CO.,LTD.",25620805,
0505545001536,บริษัท เงินด่วน กันเอง จำกัด,"NGERNDUAN KANENG CO.,LTD",25630805,
0505564015024,บริษัท เงินซิ่งได้ ฟอร์ ควิก แคช จำกัด,"NGERN ZING DAI FOR QUICK CASH CO., LTD.",25650601,
0515559000987,บริษัท ใจกว้าง เอเชีย ธนพัฒน์ จำกัด,"JAIKWANG ASIA THANAPAT CO.,LTD",25630309,
0545547000065,บริษัท ลิสซิ่ง ทรัพย์สยาม จำกัด,,25620821,
0575563002123,บริษัท วิง มันนี่ จำกัด,"WING MONEY CO.,LTD.",25640816,
0605559000986,บริษัท เอส-สปีด ลิสซิ่ง จำกัด,"S-SPEEDLEASING CO.,LTD",25630309,
0645558000061,บริษัท ชัยฤทธิ์ ลีสซิ่ง 58 จำกัด,"CHAIRIT LEASING 58 CO,. LTD",25621108,
0655558001059,บริษัท สบาย ลีสซิ่ง จำกัด,SABUY LEASING,25620925,
0655564001651,บริษัท ด๊อกเตอร์ มันนี่ จำกัด,DOCTOR MONEY COMPANY LIMITED,25650315,
0665538000146,บริษัท ว. พรรณเชษฐ์ จำกัด,"V.PHANCHET.CO.,TLD.",25621219,
0705543000557,บริษัท มาร์โค ธุรกิจ จำกัด,,25630914,
0715542000499,บริษัท ทรัพย์กมล ลิสซิ่ง จำกัด,,25620821,
0735565000690,บริษัท ไมโคร ฟิน จำกัด,,25660401,
0815559000291,บริษัท ชูเกียรติ พร๊อพเพอร์ตี้ จำกัด,"CHOOKIAT PROPERTY CO.,LTD.",25620911,
0845537000639,บริษัท พี.ซี. ทาวเวอร์ แอนด์ พร๊อพเพอร์ตี้ (1996) จำกัด,"P.C. TOWER & PROPERTY (1996) CO.,LTD",25631102,
0845559001549,บริษัท ชูเกียรติ พร๊อพเพอร์ตี้ สุราษฎร์ธานี จำกัด,"CHOOKIAT PROPERTY SURATTHANI CO.,LTD.",25630116,
0905559000991,บริษัท ชูเกียรติเอสเตท จำกัด,,25630916,
0905560000452,บริษัท บริหารสินทรัพย์เอทีเอ็ม จำกัด,"ATM ASSET MANAGEMENT CO., LTD.",25670405,
0955564000392,บริษัท พิธานลีสซิ่ง จำกัด,,25660401,
,,,,
,,,,
REMARK,,,,
ข้อมูล Swift Code,โปรดเรียกใช้ข้อมูลจากหนังสือ BIC Directory หรือ www.swift.com,,,
005,ธ. เดอะรอยัลแบงก์อ๊อฟสกอตแลนด์ เอ็น.วี.,เดิมชื่อ ธ.เอบีเอ็น แอมโร เอ็น.วี. สาขากรุงเทพฯ  เปลี่ยนเมื่อ 6/2/2553,,
010,ธนาคารแห่งโตเกียว-มิตซูบิชิ ยูเอฟเจ  จำกัด,เดิมชื่อ ธ.แห่งโตเกียว-มิตซูบิชิ จำกัด เปลี่ยนเมื่อ 1/1/2549,,
020,ธนาคารสแตนดาร์ดชาร์เตอร์ด (ไทย) จำกัด (มหาชน),เดิมชื่อธ.สแตนดาร์ดชาร์เตอร์ดนครธน จำกัด (มหาชน) เปลี่ยนชื่อเมื่อควบรวมกับ ธ.สแตนดาร์ดชาร์เตอร์ สาขากรุงเทพ เมื่อ 1/1/2548,,
022,ธ. ซีไอเอ็มบี ไทย จำกัด (มหาชน),เดิมชื่อ ธ.ไทยธนาคาร จำกัด (มหาชน) เปลี่ยนเมื่อ 4/5/2552,,
024,ธ. ยูโอบี จำกัด (มหาชน),"เดิมชื่อธ.เอเชีย จำกัด (มหาชน) เปลี่ยนชื่อเมื่อควบรวมกับ ธ.ยูโอบี รัตนสิน จำกัด (มหาชน) เมื่อ 28/11/2548
และเปลี่ยนชื่อจาก  ธนาคารยูไนเต็ด โอเวอร์ซีส์ (ไทย) จำกัด (มหาชน) เป็น ธนาคารยูโอบี จำกัด (มหาชน) 
ส่วนชื่อภาษาอังกฤษคงเดิม เมื่อ 2/5/5249",,
026,ธ.เมกะ สากลพาณิชย์ จำกัด (มหาชน),"ยกระดับจากสาขา ธ.ต่างประเทศเป็นธนาคารพาณิชย์ที่เป็นบริษัทลูกของธนาคารต่างประเทศ เมื่อ 8/8/2548
และเปลี่ยนชื่อจากเดิม ธนาคารสากลพาณิชย์แห่งประเทศจีน เมื่อ 21/8/2549",,
028,ธนาคารคาลิยง สาขากรุงเทพฯ,เดิมชื่อ ธ.เครดิตอะกริกอล อินโดสุเอซ เปลี่ยนเมื่อ 16/8/2547,,
,ธนาคารเครดิต อะกริกอล คอร์ปอเรทแอนด์อินเวสเมนท์แบงก์,เดิมชื่อ ธ.คาลิยง สาขากรุงเทพฯ เปลี่ยนเมื่อ 8/2/2553,,
029,ธนาคารอินเดียนโอเวอร์ซีส์ สาขากรุงเทพฯ,ธนาคารภารตโอเวอร์ซีส์ จำกัด ได้ควบรวมกิจการกับ Indian Overseas Bank เมื่อ 28/3/255 ,,
039,ธนาคารมิซูโฮ คอร์ปอเรต จำกัด,เดิมชื่อ ธ.ได-อิจิ คังเงียว เปลี่ยนเมื่อ 1/4/2545,,
041,ธนาคารโซซิเยเต้ เจเนราล,ยกระดับจากกิจการวิเทศธนกิจเป็นสาขาธนาคารต่างประเทศ เมื่อ 24/6/2548,,
052,ธ. แห่งประเทศจีน (ไทย) จำกัด (มหาชน),"ยกระดับจากสาขา ธ.ต่างประเทศเป็นธนาคารพาณิชย์ที่เป็นบริษัทลูกของธนาคารต่างประเทศ เมื่อ 26/8/2557
และเปลี่ยนชื่อจากเดิม ธนาคารแห่งประเทศจีน จำกัด",,
067,ธนาคารทิสโก้ จำกัด (มหาชน),ยกระดับเป็นธนาคารพาณิชย์ เมื่อ 1/7/2548,,
068,ธ.เอไอจี เพื่อรายย่อย จำกัด (มหาชน),ยกระดับเป็นธนาคารพาณิชย์เพื่อรายย่อย เมื่อ 6/3/255,,
069,ธนาคารเกียรตินาคิน จำกัด (มหาชน),ยกระดับเป็นธนาคารพาณิชย์ เมื่อ 3/1/2548,,
070,ธนาคารสินเอเซีย จำกัด (มหาชน),ยกระดับเป็นธนาคารพาณิชย์ เมื่อ 23/12/2548,,
,ธนาคารไอซีบีซี (ไทย) จำกัด (มหาชน),เดิมชื่อ ธ.สินเอเซีย จำกัด (มหาชน) เปลี่ยนเมื่อ 8/7/2553,,
071,ธ.ไทยเครดิตเพื่อรายย่อย จำกัด (มหาชน),ยกระดับเป็นธนาคารพาณิชย์เพื่อรายย่อย เมื่อ 18/1/2550,,
,ธนาคารไทยเครดิต จำกัด (มหาชน),ยกระดับเป็นธนาคารพาณิชย์ เมื่อ 01/09/2566,,
073,ธนาคารแลนด์ แอนด์ เฮ้าส์ เพื่อรายย่อย จำกัด (มหาชน),ยกระดับเป็นธนาคารพาณิชย์เพื่อรายย่อย เมื่อ 19/12/2548,,
,ธ. แลนด์ แอนด์ เฮ้าส์ จำกัด (มหาชน),ยกระดับเป็นธนาคารพาณิชย์ เมื่อ 19/12/2554,,
098,ธนาคารพัฒนาวิสาหกิจขนาดกลางและขนาดย่อมแห่งประเทศไทย,เดิมชื่อ บรรษัทเงินทุนอุตสาหกรรมขนาดย่อม เปลี่ยนเมื่อ 19/12/2545,,
317,บ. ดิจิตอลเทค แพลนเน็ต จำกัด (มหาชน),เดิมชื่อ บ. แอสเซท ไบร์ท จำกัด (มหาชน) เปลี่ยนเมื่อ 13/7/256,,
327,บ. พีทีที ดิจิตอล โซลูชั่น จำกัด,เดิมชื่อ พีทีที ไอซีที โซลูชั่นส์ จำกัด เปลี่ยนเมื่อ 22/6/256,,
334,บ.บีทู (ไทยแลนด์) จำกัด,เดิมชื่อ จีพีซีเอ็ม กรุ๊ป จำกัด เปลี่ยนเมื่อ 3/6/256,,
422,บง. ฟินันซ่า จำกัด,เดิมชื่อ บง.ไพรมัส เปลี่ยนเมื่อ 1/1/2545,,
450,บง. อเมริกัน เอ็กซ์เพรส (ประเทศไทย) จำกัด                                           ,เดิมชื่อ บง.บีโอเอ เปลี่ยนเมื่อ 16/3/2545,,
452,บง. แอ็ดวานซ์ จำกัด (มหาชน),เดิมชื่อ บง.โกลบอลไทย เปลี่ยนเมื่อ 26/5/2547,,
862,"SUMITOMO MITSUI TRUST BANK, LIMITED","เดิมชื่อ The Sumitomo Trust & Banking Co.,Ltd เปลี่ยนเมื่อ 23/4/2555",,
